LEA,286,"Plains (A)","Limited Edition Alpha"
LEA,287,"Plains (B)","Limited Edition Alpha"
LEA,288,"Island (A)","Limited Edition Alpha"
LEA,289,"Island (B)","Limited Edition Alpha"
LEA,290,"Swamp (A)","Limited Edition Alpha"
LEA,291,"Swamp (B)","Limited Edition Alpha"
LEA,292,"Mountain (A)","Limited Edition Alpha"
LEA,293,"Mountain (B)","Limited Edition Alpha"
LEA,294,"Forest (A)","Limited Edition Alpha"
LEA,295,"Forest (B)","Limited Edition Alpha"
LEB,288,"Plains (A)","Limited Edition Beta"
LEB,289,"Plains (B)","Limited Edition Beta"
LEB,290,"Plains (C)","Limited Edition Beta"
LEB,291,"Island (A)","Limited Edition Beta"
LEB,292,"Island (B)","Limited Edition Beta"
LEB,293,"Island (C)","Limited Edition Beta"
LEB,294,"Swamp (A)","Limited Edition Beta"
LEB,295,"Swamp (B)","Limited Edition Beta"
LEB,296,"Swamp (C)","Limited Edition Beta"
LEB,297,"Mountain (A)","Limited Edition Beta"
LEB,298,"Mountain (B)","Limited Edition Beta"
LEB,299,"Mountain (C)","Limited Edition Beta"
LEB,300,"Forest (A)","Limited Edition Beta"
LEB,301,"Forest (B)","Limited Edition Beta"
LEB,302,"Forest (C)","Limited Edition Beta"
2ED,288,"Plains (A)","Unlimited"
2ED,289,"Plains (B)","Unlimited"
2ED,290,"Plains (C)","Unlimited"
2ED,291,"Island (A)","Unlimited"
2ED,292,"Island (B)","Unlimited"
2ED,293,"Island (C)","Unlimited"
2ED,294,"Swamp (A)","Unlimited"
2ED,295,"Swamp (B)","Unlimited"
2ED,296,"Swamp (C)","Unlimited"
2ED,297,"Mountain (A)","Unlimited"
2ED,298,"Mountain (B)","Unlimited"
2ED,299,"Mountain (C)","Unlimited"
2ED,300,"Forest (A)","Unlimited"
2ED,301,"Forest (B)","Unlimited"
2ED,302,"Forest (C)","Unlimited"
CED,288,"Plains (A)","Collectors' Edition"
CED,289,"Plains (B)","Collectors' Edition"
CED,290,"Plains (C)","Collectors' Edition"
CED,291,"Island (A)","Collectors' Edition"
CED,292,"Island (B)","Collectors' Edition"
CED,293,"Island (C)","Collectors' Edition"
CED,294,"Swamp (A)","Collectors' Edition"
CED,295,"Swamp (B)","Collectors' Edition"
CED,296,"Swamp (C)","Collectors' Edition"
CED,297,"Mountain (A)","Collectors' Edition"
CED,298,"Mountain (B)","Collectors' Edition"
CED,299,"Mountain (C)","Collectors' Edition"
CED,300,"Forest (A)","Collectors' Edition"
CED,301,"Forest (B)","Collectors' Edition"
CED,302,"Forest (C)","Collectors' Edition"
3ED,292,"Plains (A)","Revised"
3ED,293,"Plains (B)","Revised"
3ED,294,"Plains (C)","Revised"
3ED,295,"Island (A)","Revised"
3ED,296,"Island (B)","Revised"
3ED,297,"Island (C)","Revised"
3ED,298,"Swamp (A)","Revised"
3ED,299,"Swamp (B)","Revised"
3ED,300,"Swamp (C)","Revised"
3ED,301,"Mountain (A)","Revised"
3ED,302,"Mountain (B)","Revised"
3ED,303,"Mountain (C)","Revised"
3ED,304,"Forest (A)","Revised"
3ED,305,"Forest (B)","Revised"
3ED,306,"Forest (C)","Revised"
4ED,364,"Plains (A)","4th Edition"
4ED,365,"Plains (B)","4th Edition"
4ED,366,"Plains (C)","4th Edition"
4ED,367,"Island (A)","4th Edition"
4ED,368,"Island (B)","4th Edition"
4ED,369,"Island (C)","4th Edition"
4ED,370,"Swamp (A)","4th Edition"
4ED,371,"Swamp (B)","4th Edition"
4ED,372,"Swamp (C)","4th Edition"
4ED,373,"Mountain (A)","4th Edition"
4ED,374,"Mountain (B)","4th Edition"
4ED,375,"Mountain (C)","4th Edition"
4ED,376,"Forest (A)","4th Edition"
4ED,377,"Forest (B)","4th Edition"
4ED,378,"Forest (C)","4th Edition"
ICE,364,"Plains (A)","Ice Age"
ICE,365,"Plains (B)","Ice Age"
ICE,366,"Plains (C)","Ice Age"
ICE,368,"Island (A)","Ice Age"
ICE,369,"Island (B)","Ice Age"
ICE,370,"Island (C)","Ice Age"
ICE,373,"Swamp (A)","Ice Age"
ICE,374,"Swamp (B)","Ice Age"
ICE,375,"Swamp (C)","Ice Age"
ICE,376,"Mountain (A)","Ice Age"
ICE,377,"Mountain (B)","Ice Age"
ICE,378,"Mountain (C)","Ice Age"
ICE,380,"Forest (A)","Ice Age"
ICE,381,"Forest (B)","Ice Age"
ICE,382,"Forest (C)","Ice Age"
MIR,331,"Plains (A)","Mirage"
MIR,332,"Plains (B)","Mirage"
MIR,333,"Plains (C)","Mirage"
MIR,334,"Plains (D)","Mirage"
MIR,335,"Island (A)","Mirage"
MIR,336,"Island (B)","Mirage"
MIR,337,"Island (C)","Mirage"
MIR,338,"Island (D)","Mirage"
MIR,339,"Swamp (A)","Mirage"
MIR,340,"Swamp (B)","Mirage"
MIR,341,"Swamp (C)","Mirage"
MIR,342,"Swamp (D)","Mirage"
MIR,343,"Mountain (A)","Mirage"
MIR,344,"Mountain (B)","Mirage"
MIR,345,"Mountain (C)","Mirage"
MIR,346,"Mountain (D)","Mirage"
MIR,347,"Forest (A)","Mirage"
MIR,348,"Forest (B)","Mirage"
MIR,349,"Forest (C)","Mirage"
MIR,350,"Forest (D)","Mirage"
5ED,430,"Plains (A)","5th Edition"
5ED,431,"Plains (B)","5th Edition"
5ED,432,"Plains (C)","5th Edition"
5ED,433,"Plains (D)","5th Edition"
5ED,434,"Island (A)","5th Edition"
5ED,435,"Island (B)","5th Edition"
5ED,436,"Island (C)","5th Edition"
5ED,437,"Island (D)","5th Edition"
5ED,438,"Swamp (A)","5th Edition"
5ED,439,"Swamp (B)","5th Edition"
5ED,440,"Swamp (C)","5th Edition"
5ED,441,"Swamp (D)","5th Edition"
5ED,442,"Mountain (A)","5th Edition"
5ED,443,"Mountain (B)","5th Edition"
5ED,444,"Mountain (C)","5th Edition"
5ED,445,"Mountain (D)","5th Edition"
5ED,446,"Forest (A)","5th Edition"
5ED,447,"Forest (B)","5th Edition"
5ED,448,"Forest (C)","5th Edition"
5ED,449,"Forest (D)","5th Edition"
POR,196,"Plains (A)","Portal"
POR,197,"Plains (B)","Portal"
POR,198,"Plains (C)","Portal"
POR,199,"Plains (D)","Portal"
POR,200,"Island (A)","Portal"
POR,201,"Island (B)","Portal"
POR,202,"Island (C)","Portal"
POR,203,"Island (D)","Portal"
POR,204,"Swamp (A)","Portal"
POR,205,"Swamp (B)","Portal"
POR,206,"Swamp (C)","Portal"
POR,207,"Swamp (D)","Portal"
POR,208,"Mountain (A)","Portal"
POR,209,"Mountain (B)","Portal"
POR,210,"Mountain (C)","Portal"
POR,211,"Mountain (D)","Portal"
POR,212,"Forest (A)","Portal"
POR,213,"Forest (B)","Portal"
POR,214,"Forest (C)","Portal"
POR,215,"Forest (D)","Portal"
PO2,151,"Plains (A)","Portal: Second Age"
PO2,152,"Plains (B)","Portal: Second Age"
PO2,153,"Plains (C)","Portal: Second Age"
PO2,154,"Island (A)","Portal: Second Age"
PO2,155,"Island (B)","Portal: Second Age"
PO2,156,"Island (C)","Portal: Second Age"
PO2,157,"Swamp (A)","Portal: Second Age"
PO2,158,"Swamp (B)","Portal: Second Age"
PO2,159,"Swamp (C)","Portal: Second Age"
PO2,160,"Mountain (A)","Portal: Second Age"
PO2,161,"Mountain (B)","Portal: Second Age"
PO2,162,"Mountain (C)","Portal: Second Age"
PO2,163,"Forest (A)","Portal: Second Age"
PO2,164,"Forest (B)","Portal: Second Age"
PO2,165,"Forest (C)","Portal: Second Age"
TMP,331,"Plains (A)","Tempest"
TMP,332,"Plains (B)","Tempest"
TMP,333,"Plains (C)","Tempest"
TMP,334,"Plains (D)","Tempest"
TMP,335,"Island (A)","Tempest"
TMP,336,"Island (B)","Tempest"
TMP,337,"Island (C)","Tempest"
TMP,338,"Island (D)","Tempest"
TMP,339,"Swamp (A)","Tempest"
TMP,340,"Swamp (B)","Tempest"
TMP,341,"Swamp (C)","Tempest"
TMP,342,"Swamp (D)","Tempest"
TMP,343,"Mountain (A)","Tempest"
TMP,344,"Mountain (B)","Tempest"
TMP,345,"Mountain (C)","Tempest"
TMP,346,"Mountain (D)","Tempest"
TMP,347,"Forest (A)","Tempest"
TMP,348,"Forest (B)","Tempest"
TMP,349,"Forest (C)","Tempest"
TMP,350,"Forest (D)","Tempest"
TMP,124,"Plains (A)","Tempest"
BRB,125,"Plains (B)","Battle Royale"
BRB,126,"Plains (C)","Battle Royale"
BRB,127,"Plains (D)","Battle Royale"
BRB,128,"Plains (E)","Battle Royale"
BRB,129,"Plains (F)","Battle Royale"
BRB,130,"Plains (G)","Battle Royale"
BRB,131,"Plains (H)","Battle Royale"
BRB,132,"Plains (I)","Battle Royale"
BRB,110,"Island (A)","Battle Royale"
BRB,111,"Island (B)","Battle Royale"
BRB,112,"Island (C)","Battle Royale"
BRB,113,"Island (D)","Battle Royale"
BRB,114,"Island (E)","Battle Royale"
BRB,133,"Swamp (A)","Battle Royale"
BRB,134,"Swamp (B)","Battle Royale"
BRB,135,"Swamp (C)","Battle Royale"
BRB,136,"Swamp (D)","Battle Royale"
BRB,115,"Mountain (A)","Battle Royale"
BRB,116,"Mountain (B)","Battle Royale"
BRB,117,"Mountain (C)","Battle Royale"
BRB,118,"Mountain (D)","Battle Royale"
BRB,119,"Mountain (E)","Battle Royale"
BRB,120,"Mountain (F)","Battle Royale"
BRB,121,"Mountain (G)","Battle Royale"
BRB,122,"Mountain (H)","Battle Royale"
BRB,123,"Mountain (I)","Battle Royale"
BRB,101,"Forest (A)","Battle Royale"
BRB,102,"Forest (B)","Battle Royale"
BRB,103,"Forest (C)","Battle Royale"
BRB,104,"Forest (D)","Battle Royale"
BRB,105,"Forest (E)","Battle Royale"
BRB,106,"Forest (F)","Battle Royale"
BRB,107,"Forest (G)","Battle Royale"
BRB,108,"Forest (H)","Battle Royale"
BRB,109,"Forest (I)","Battle Royale"
UND,88,"Plains (Full Art)","Unsanctioned"
UND,90,"Island (Full Art)","Unsanctioned"
UND,92,"Swamp (Full Art)","Unsanctioned"
UND,94,"Mountain (Full Art)","Unsanctioned"
UND,96,"Forest (Full Art)","Unsanctioned"
THB,250,"Plains (Full Art)","Theros: Beyond Death"
THB,251,"Island (Full Art)","Theros: Beyond Death"
THB,252,"Swamp (Full Art)","Theros: Beyond Death"
THB,253,"Mountain (Full Art)","Theros: Beyond Death"
THB,254,"Forest (Full Art)","Theros: Beyond Death"
M21,309,"Plains","Core 2021"
M21,310,"Island","Core 2021"
M21,311,"Swamp","Core 2021"
M21,312,"Mountain","Core 2021"
M21,313,"Forest","Core 2021"
UNF,172,"Meet and Greet \"Sisay\"","Unfinity"
UNF,210,Ferris Wheel (4/5/6),"Unfinity"
ZNR,266,"Plains (#266) (Full Art)","Zendikar Rising"
ZNR,267,"Plains (#267) (Full Art)","Zendikar Rising"
ZNR,268,"Plains (#268) (Full Art)","Zendikar Rising"
ZNR,269,"Island (#269) (Full Art)","Zendikar Rising"
ZNR,270,"Island (#270) (Full Art)","Zendikar Rising"
ZNR,271,"Island (#271) (Full Art)","Zendikar Rising"
ZNR,272,"Swamp (#272) (Full Art)","Zendikar Rising"
ZNR,273,"Swamp (#273) (Full Art)","Zendikar Rising"
ZNR,274,"Swamp (#274) (Full Art)","Zendikar Rising"
ZNR,275,"Mountain (#275) (Full Art)","Zendikar Rising"
ZNR,276,"Mountain (#276) (Full Art)","Zendikar Rising"
ZNR,277,"Mountain (#277) (Full Art)","Zendikar Rising"
ZNR,278,"Forest (#278) (Full Art)","Zendikar Rising"
ZNR,279,"Forest (#279) (Full Art)","Zendikar Rising"
ZNR,280,"Forest (#280) (Full Art)","Zendikar Rising"
KHM,333,"Vorinclex, Monstrous Raider (Phyrexian)","Kaldheim"
NEO,307,"Jin-Gitaxias, Progress Tyrant (Phyrexian)","Kamigawa: Neon Dynasty"
NEO,308,"Tamiyo, Compleated Sage (Phyrexian)","Kamigawa: Neon Dynasty"
NEO,427,"Jin-Gitaxias, Progress Tyrant (Phyrexian)","Kamigawa: Neon Dynasty"
NEO,428,"Tamiyo, Compleated Sage (Phyrexian)","Kamigawa: Neon Dynasty"
DMU,277,"Plains","Dominaria United - Shwocase"
DMU,278,"Island","Dominaria United - Shwocase"
DMU,279,"Swamp","Dominaria United - Shwocase"
DMU,280,"Mountain","Dominaria United - Shwocase"
DMU,281,"Forest","Dominaria United - Shwocase"
DMU,369,"Sheoldred, the Apocalypse (Phyrexian)","Dominaria United"
DMU,370,"Ajani, Sleeper Agent (Phyrexian)","Dominaria United"
BRO,238a,"The Mightstone and Weakstone","The Brothers' War"
LCI,287,"Plains (#287) (Full Art)","The Lost Caverns of Ixalan"
LCI,288,"Island (#288) (Full Art)","The Lost Caverns of Ixalan"
LCI,289,"Swamp (#289) (Full Art)","The Lost Caverns of Ixalan"
LCI,290,"Mountain (#290) (Full Art)","The Lost Caverns of Ixalan"
LCI,291,"Forest (#291) (Full Art)","The Lost Caverns of Ixalan"
MKM,247,"Flotsam","Murders at Karlov Manor"
MKM,250,"Push","Murders at Karlov Manor"
MKM,248,"Fuss","Murders at Karlov Manor"
MKM,249,"Hustle","Murders at Karlov Manor"
DMC,174,"Wear","Dominaria United Commander"
UND,75,"Who / What / When / Where / Why","Unsanctioned"
UNF,172,"Meet and Greet Sisay","Unfinity"
UNF,264,"Meet and Greet Sisay","Unfinity Showcase"
UNF,458,"Meet and Greet Sisay","Unfinity Galaxy Foil"
MKC,203,"Connive // Concoct","Murders at Karlov Manor Commander"
PIP,31,"James, Wandering Dad"
MH3,229,"Snow-Covered Wastes (#229)"
MH3,309,"Snow-Covered Wastes (#309)"